{"train_loss": 1.9367254972457886, "temperature": 1.2365031125559973, "epoch": 2, "trainer/global_step": 32249, "_timestamp": 1715202931.7960699, "_runtime": 2179.5323457717896, "_step": 646, "validation_loss": 2.3492093086242676}