{"train_loss": 2.2434396743774414, "temperature": 2.730929974757024, "epoch": 0, "trainer/global_step": 199, "_timestamp": 1715200382.0446923, "_runtime": 17.203254222869873, "_step": 3}